{"cameraMode":{"drawMode":0,"name":"Shaded","section":"Shading Mode"},"sceneLighting":false,"audioPlay":false,"sceneViewState":{"showFog":true,"showMaterialUpdate":true,"showSkybox":false,"showFlares":true,"showImageEffects":true,"showParticleSystems":true},"in2DMode":false,"pivot":{"x":4.0,"y":11.20198917388916,"z":1.1920928955078126e-7},"rotation":{"x":0.01530916802585125,"y":0.0014954048674553633,"z":-0.00002288685573148541,"w":0.9998817443847656},"size":3.58146333694458,"orthographic":false}