{"cameraMode":{"drawMode":0,"name":"Shaded","section":"Shading Mode"},"sceneLighting":true,"audioPlay":false,"sceneViewState":{"showFog":true,"showMaterialUpdate":true,"showSkybox":true,"showFlares":true,"showImageEffects":true,"showParticleSystems":true},"in2DMode":false,"pivot":{"x":34.16337203979492,"y":-6.634733200073242,"z":75.68348693847656},"rotation":{"x":0.09226886183023453,"y":-0.13844721019268037,"z":0.012956309132277966,"w":0.9859772324562073},"size":190.3671112060547,"orthographic":false}