{"cameraMode":{"drawMode":0,"name":"Shaded","section":"Shading Mode"},"sceneLighting":true,"audioPlay":false,"sceneViewState":{"showFog":true,"showMaterialUpdate":true,"showSkybox":true,"showFlares":true,"showImageEffects":true,"showParticleSystems":true},"in2DMode":false,"pivot":{"x":-5.857365608215332,"y":19.77315902709961,"z":0.02356719970703125},"rotation":{"x":0.03388369828462601,"y":0.13213106989860536,"z":0.004519310779869556,"w":-0.9906426668167114},"size":80.21643829345703,"orthographic":false}